{"cameraMode":{"drawMode":0,"name":"Shaded","section":"Shading Mode"},"sceneLighting":true,"audioPlay":false,"sceneViewState":{"showFog":false,"showMaterialUpdate":false,"showSkybox":false,"showFlares":false,"showImageEffects":false,"showParticleSystems":false},"in2DMode":false,"pivot":{"x":0.631634533405304,"y":22.051990509033204,"z":8.498031616210938},"rotation":{"x":0.5238936543464661,"y":0.00308035034686327,"z":0.0018375793006271124,"w":-0.8518384099006653},"size":26.410444259643556,"orthographic":false}