{"cameraMode":{"drawMode":0,"name":"Shaded","section":"Shading Mode"},"sceneLighting":true,"audioPlay":false,"sceneViewState":{"showFog":false,"showMaterialUpdate":false,"showSkybox":false,"showFlares":false,"showImageEffects":false,"showParticleSystems":false},"in2DMode":false,"pivot":{"x":-18.75022315979004,"y":2.25,"z":-1.399999976158142},"rotation":{"x":-0.016809411346912385,"y":0.012594482861459256,"z":-0.0002604564360808581,"w":-0.9998136162757874},"size":2.6083335876464845,"orthographic":false}