{"cameraMode":{"drawMode":0,"name":"Shaded","section":"Shading Mode"},"sceneLighting":false,"audioPlay":false,"sceneViewState":{"showFog":false,"showMaterialUpdate":false,"showSkybox":false,"showFlares":false,"showImageEffects":false,"showParticleSystems":false},"in2DMode":false,"pivot":{"x":8.603852272033692,"y":2.452784299850464,"z":-0.7952475547790527},"rotation":{"x":0.4093131422996521,"y":-0.17422878742218018,"z":-0.0799960196018219,"w":-0.8920653462409973},"size":5.143210411071777,"orthographic":false}