{"cameraMode":{"drawMode":0,"name":"Shaded","section":"Shading Mode"},"sceneLighting":true,"audioPlay":false,"sceneViewState":{"showFog":false,"showMaterialUpdate":true,"showSkybox":false,"showFlares":false,"showImageEffects":false,"showParticleSystems":false},"in2DMode":false,"pivot":{"x":2.7332139015197756,"y":1.3682221174240113,"z":0.36620211601257326},"rotation":{"x":-0.39094293117523196,"y":-0.012413781136274338,"z":-0.005314874462783337,"w":0.9203253984451294},"size":6.947165012359619,"orthographic":false}