{"cameraMode":{"drawMode":0,"name":"Shaded","section":"Shading Mode"},"sceneLighting":true,"audioPlay":false,"sceneViewState":{"showFog":false,"showMaterialUpdate":false,"showSkybox":false,"showFlares":false,"showImageEffects":false,"showParticleSystems":false},"in2DMode":false,"pivot":{"x":2.326944351196289,"y":1.20915687084198,"z":-2.0881824493408205},"rotation":{"x":0.4366576373577118,"y":-0.2220364660024643,"z":-0.11219335347414017,"w":-0.8645891547203064},"size":1.362267255783081,"orthographic":false}