{"cameraMode":{"drawMode":0,"name":"Shaded","section":"Shading Mode"},"sceneLighting":false,"audioPlay":false,"sceneViewState":{"showFog":false,"showMaterialUpdate":false,"showSkybox":false,"showFlares":false,"showImageEffects":false,"showParticleSystems":false},"in2DMode":false,"pivot":{"x":8.669662475585938,"y":2.9253787994384767,"z":-0.6202616691589356},"rotation":{"x":0.49008458852767947,"y":-0.20719464123249055,"z":-0.12121129781007767,"w":-0.8380152583122253},"size":3.183257579803467,"orthographic":false}