{"cameraMode":{"drawMode":0,"name":"Shaded","section":"Shading Mode"},"sceneLighting":false,"audioPlay":false,"sceneViewState":{"showFog":false,"showMaterialUpdate":false,"showSkybox":false,"showFlares":false,"showImageEffects":false,"showParticleSystems":false},"in2DMode":false,"pivot":{"x":0.3146648705005646,"y":0.3544347882270813,"z":-0.5100663900375366},"rotation":{"x":0.24469977617263795,"y":-0.3581697940826416,"z":-0.09786076098680496,"w":-0.8956995606422424},"size":2.5578837394714357,"orthographic":false}