{"cameraMode":{"drawMode":0,"name":"Shaded","section":"Shading Mode"},"sceneLighting":true,"audioPlay":false,"sceneViewState":{"showFog":false,"showMaterialUpdate":false,"showSkybox":false,"showFlares":false,"showImageEffects":false,"showParticleSystems":false},"in2DMode":false,"pivot":{"x":-0.019114632159471513,"y":2.6598830223083498,"z":8.575719833374024},"rotation":{"x":0.033910684287548068,"y":0.4547966718673706,"z":0.017325498163700105,"w":-0.889832079410553},"size":25.02752113342285,"orthographic":false}