{"cameraMode":{"drawMode":0,"name":"Shaded","section":"Shading Mode"},"sceneLighting":true,"audioPlay":false,"sceneViewState":{"showFog":false,"showMaterialUpdate":true,"showSkybox":false,"showFlares":false,"showImageEffects":false,"showParticleSystems":false},"in2DMode":false,"pivot":{"x":4.199932098388672,"y":10.22194766998291,"z":1.9645724296569825},"rotation":{"x":0.5265546441078186,"y":-0.018617672845721246,"z":-0.011534190736711026,"w":-0.8498611450195313},"size":8.14111328125,"orthographic":false}