{"cameraMode":{"drawMode":0,"name":"Shaded","section":"Shading Mode"},"sceneLighting":true,"audioPlay":false,"sceneViewState":{"showFog":false,"showMaterialUpdate":false,"showSkybox":false,"showFlares":false,"showImageEffects":false,"showParticleSystems":false},"in2DMode":false,"pivot":{"x":3.6971664428710939,"y":-0.14649125933647157,"z":-2.7010600566864015},"rotation":{"x":0.5813530683517456,"y":-0.008036659099161625,"z":-0.0058073322288692,"w":-0.8136586546897888},"size":8.745814323425293,"orthographic":false}