{"cameraMode":{"drawMode":0,"name":"Shaded","section":"Shading Mode"},"sceneLighting":true,"audioPlay":false,"sceneViewState":{"showFog":false,"showMaterialUpdate":false,"showSkybox":false,"showFlares":false,"showImageEffects":false,"showParticleSystems":false},"in2DMode":false,"pivot":{"x":818.2991943359375,"y":475.7196960449219,"z":272.4252624511719},"rotation":{"x":-0.05757810175418854,"y":0.014059390872716904,"z":-0.000859544612467289,"w":-0.9982984066009522},"size":1749.304443359375,"orthographic":false}