{"cameraMode":{"drawMode":0,"name":"Shaded","section":"Shading Mode"},"sceneLighting":true,"audioPlay":false,"sceneViewState":{"showFog":false,"showMaterialUpdate":false,"showSkybox":false,"showFlares":false,"showImageEffects":false,"showParticleSystems":false},"in2DMode":false,"pivot":{"x":1105.7010498046875,"y":429.5924987792969,"z":-121.34131622314453},"rotation":{"x":0.16216735541820527,"y":0.010947179049253464,"z":0.00174738431815058,"w":-0.9867581725120544},"size":1144.392333984375,"orthographic":false}