{"cameraMode":{"drawMode":0,"name":"Shaded","section":"Shading Mode"},"sceneLighting":false,"audioPlay":false,"sceneViewState":{"showFog":false,"showMaterialUpdate":false,"showSkybox":false,"showFlares":false,"showImageEffects":false,"showParticleSystems":false},"in2DMode":false,"pivot":{"x":-0.4720824658870697,"y":-0.12514811754226685,"z":-0.210577130317688},"rotation":{"x":-0.19821634888648988,"y":0.6931812167167664,"z":-0.20784492790699006,"w":-0.6610813140869141},"size":2.20839262008667,"orthographic":false}