{"cameraMode":{"drawMode":0,"name":"Shaded","section":"Shading Mode"},"sceneLighting":false,"audioPlay":false,"sceneViewState":{"showFog":false,"showMaterialUpdate":false,"showSkybox":false,"showFlares":false,"showImageEffects":false,"showParticleSystems":false},"in2DMode":false,"pivot":{"x":8.507513999938965,"y":3.3086719512939455,"z":-0.8137916326522827},"rotation":{"x":0.5861185789108276,"y":-0.028648950159549714,"z":-0.020789707079529764,"w":-0.8094975352287293},"size":3.4648938179016115,"orthographic":false}