{"cameraMode":{"drawMode":0,"name":"Shaded","section":"Shading Mode"},"sceneLighting":false,"audioPlay":false,"sceneViewState":{"showFog":false,"showMaterialUpdate":false,"showSkybox":false,"showFlares":false,"showImageEffects":false,"showParticleSystems":false},"in2DMode":false,"pivot":{"x":-0.9241628646850586,"y":0.24113473296165467,"z":0.5642814636230469},"rotation":{"x":0.4305599629878998,"y":0.016783107072114946,"z":0.008017901331186295,"w":-0.9023823142051697},"size":3.3157684803009035,"orthographic":false}