{"cameraMode":{"drawMode":0,"name":"Shaded","section":"Shading Mode"},"sceneLighting":false,"audioPlay":false,"sceneViewState":{"showFog":false,"showMaterialUpdate":false,"showSkybox":false,"showFlares":false,"showImageEffects":false,"showParticleSystems":false},"in2DMode":false,"pivot":{"x":1.9825530052185059,"y":2.1628811359405519,"z":-1.5164225101470948},"rotation":{"x":0.5676509141921997,"y":-0.032822854816913608,"z":-0.022674430161714555,"w":-0.8223174810409546},"size":1.9877159595489503,"orthographic":false}