{"cameraMode":{"drawMode":0,"name":"Shaded","section":"Shading Mode"},"sceneLighting":true,"audioPlay":false,"sceneViewState":{"showFog":false,"showMaterialUpdate":false,"showSkybox":false,"showFlares":false,"showImageEffects":false,"showParticleSystems":false},"in2DMode":false,"pivot":{"x":-224.58328247070313,"y":201.63357543945313,"z":-15.198379516601563},"rotation":{"x":-0.016809411346912385,"y":0.012594482861459256,"z":-0.0002604564360808581,"w":-0.9998136162757874},"size":743.4293823242188,"orthographic":false}