{"cameraMode":{"drawMode":0,"name":"Shaded","section":"Shading Mode"},"sceneLighting":false,"audioPlay":false,"sceneViewState":{"showFog":false,"showMaterialUpdate":false,"showSkybox":false,"showFlares":false,"showImageEffects":false,"showParticleSystems":false},"in2DMode":false,"pivot":{"x":1.6617519855499268,"y":3.177385091781616,"z":-1.5426108837127686},"rotation":{"x":0.014672853983938694,"y":0.05007104203104973,"z":0.0007245848537422717,"w":-0.998651385307312},"size":6.0235185623168949,"orthographic":false}