{"cameraMode":{"drawMode":0,"name":"Shaded","section":"Shading Mode"},"sceneLighting":true,"audioPlay":false,"sceneViewState":{"showFog":false,"showMaterialUpdate":true,"showSkybox":false,"showFlares":false,"showImageEffects":false,"showParticleSystems":false},"in2DMode":false,"pivot":{"x":-177.8882293701172,"y":705.6770629882813,"z":293.814697265625},"rotation":{"x":-0.08902689069509506,"y":0.23785953223705293,"z":-0.02189936302602291,"w":-0.9669643640518189},"size":1821.99169921875,"orthographic":false}