{"cameraMode":{"drawMode":0,"name":"Shaded","section":"Shading Mode"},"sceneLighting":true,"audioPlay":false,"sceneViewState":{"showFog":false,"showMaterialUpdate":false,"showSkybox":false,"showFlares":false,"showImageEffects":false,"showParticleSystems":false},"in2DMode":false,"pivot":{"x":295.8311462402344,"y":241.91302490234376,"z":151.67715454101563},"rotation":{"x":-0.02041115052998066,"y":0.008989338763058186,"z":-0.0001877009344752878,"w":-0.9997960925102234},"size":1119.514892578125,"orthographic":false}