{"cameraMode":{"drawMode":0,"name":"Shaded","section":"Shading Mode"},"sceneLighting":true,"audioPlay":false,"sceneViewState":{"showFog":false,"showMaterialUpdate":true,"showSkybox":false,"showFlares":false,"showImageEffects":false,"showParticleSystems":false},"in2DMode":false,"pivot":{"x":-13.701624870300293,"y":11.707569122314454,"z":11.595185279846192},"rotation":{"x":-0.16149672865867616,"y":-0.03493010252714157,"z":0.005719846114516258,"w":-0.9862385988235474},"size":36.54230880737305,"orthographic":false}