{"cameraMode":{"drawMode":0,"name":"Shaded","section":"Shading Mode"},"sceneLighting":true,"audioPlay":false,"sceneViewState":{"showFog":false,"showMaterialUpdate":true,"showSkybox":false,"showFlares":false,"showImageEffects":false,"showParticleSystems":false},"in2DMode":false,"pivot":{"x":5.91681432723999,"y":3.548377513885498,"z":4.22029972076416},"rotation":{"x":-0.2880539298057556,"y":-0.0014275519642978907,"z":-0.00047625310253351927,"w":0.9576244950294495},"size":5.629724025726318,"orthographic":false}