{"cameraMode":{"drawMode":0,"name":"Shaded","section":"Shading Mode"},"sceneLighting":true,"audioPlay":false,"sceneViewState":{"showFog":false,"showMaterialUpdate":true,"showSkybox":false,"showFlares":false,"showImageEffects":false,"showParticleSystems":false},"in2DMode":false,"pivot":{"x":589.1798095703125,"y":551.2725219726563,"z":79.97505187988281},"rotation":{"x":-0.044674795120954517,"y":0.010487198829650879,"z":0.0004307905910536647,"w":0.9989556670188904},"size":1368.671875,"orthographic":false}