{"cameraMode":{"drawMode":0,"name":"Shaded","section":"Shading Mode"},"sceneLighting":false,"audioPlay":false,"sceneViewState":{"showFog":false,"showMaterialUpdate":false,"showSkybox":false,"showFlares":false,"showImageEffects":false,"showParticleSystems":false},"in2DMode":false,"pivot":{"x":7.781518459320068,"y":2.3747994899749758,"z":-1.8846337795257569},"rotation":{"x":0.011407163925468922,"y":0.9687567949295044,"z":-0.24355964362621308,"w":0.04537184163928032},"size":3.4570999145507814,"orthographic":false}