{"cameraMode":{"drawMode":0,"name":"Shaded","section":"Shading Mode"},"sceneLighting":false,"audioPlay":false,"sceneViewState":{"showFog":false,"showMaterialUpdate":false,"showSkybox":false,"showFlares":false,"showImageEffects":false,"showParticleSystems":false},"in2DMode":false,"pivot":{"x":10.0471773147583,"y":1.0791118144989014,"z":-0.6527423858642578},"rotation":{"x":0.26062464714050295,"y":-0.01389253232628107,"z":-0.0038008959963917734,"w":-0.9653688669204712},"size":5.606553554534912,"orthographic":false}