{"cameraMode":{"drawMode":0,"name":"Shaded","section":"Shading Mode"},"sceneLighting":true,"audioPlay":false,"sceneViewState":{"showFog":false,"showMaterialUpdate":true,"showSkybox":false,"showFlares":false,"showImageEffects":false,"showParticleSystems":false},"in2DMode":false,"pivot":{"x":7.590731143951416,"y":5.050000190734863,"z":12.194393157958985},"rotation":{"x":0.24903638660907746,"y":0.006389159243553877,"z":0.0016437434824183584,"w":-0.9684735536575317},"size":17.979476928710939,"orthographic":false}