{"cameraMode":{"drawMode":0,"name":"Shaded","section":"Shading Mode"},"sceneLighting":true,"audioPlay":false,"sceneViewState":{"showFog":false,"showMaterialUpdate":true,"showSkybox":false,"showFlares":false,"showImageEffects":false,"showParticleSystems":false},"in2DMode":false,"pivot":{"x":898.22998046875,"y":716.767333984375,"z":246.5017852783203},"rotation":{"x":-0.3505745530128479,"y":0.007029659580439329,"z":0.0026026444975286724,"w":0.9365145564079285},"size":2184.058349609375,"orthographic":false}