{"cameraMode":{"drawMode":0,"name":"Shaded","section":"Shading Mode"},"sceneLighting":false,"audioPlay":false,"sceneViewState":{"showFog":false,"showMaterialUpdate":false,"showSkybox":false,"showFlares":false,"showImageEffects":false,"showParticleSystems":false},"in2DMode":false,"pivot":{"x":0.08966794610023499,"y":2.2435877323150636,"z":0.8406460285186768},"rotation":{"x":-0.3978522717952728,"y":-0.008261170238256455,"z":-0.003583339974284172,"w":0.91740882396698},"size":32.68552017211914,"orthographic":false}