{"cameraMode":{"drawMode":0,"name":"Shaded","section":"Shading Mode"},"sceneLighting":false,"audioPlay":false,"sceneViewState":{"showFog":false,"showMaterialUpdate":false,"showSkybox":false,"showFlares":false,"showImageEffects":false,"showParticleSystems":false},"in2DMode":false,"pivot":{"x":401.8115234375,"y":867.5247192382813,"z":271.93707275390627},"rotation":{"x":-0.018607793375849725,"y":-0.023404089733958246,"z":0.00042971724178642035,"w":-0.999600887298584},"size":750.417236328125,"orthographic":false}