{"cameraMode":{"drawMode":0,"name":"Shaded","section":"Shading Mode"},"sceneLighting":true,"audioPlay":false,"sceneViewState":{"showFog":false,"showMaterialUpdate":true,"showSkybox":false,"showFlares":false,"showImageEffects":false,"showParticleSystems":false},"in2DMode":false,"pivot":{"x":2.9313607215881349,"y":1.498421311378479,"z":-1.3629988431930543},"rotation":{"x":-0.5629018545150757,"y":0.024802085012197496,"z":0.01686297543346882,"w":0.8259917497634888},"size":2.7007949352264406,"orthographic":false}