{"cameraMode":{"drawMode":0,"name":"Shaded","section":"Shading Mode"},"sceneLighting":false,"audioPlay":false,"sceneViewState":{"showFog":false,"showMaterialUpdate":false,"showSkybox":false,"showFlares":false,"showImageEffects":false,"showParticleSystems":false},"in2DMode":false,"pivot":{"x":0.021712660789489747,"y":-0.0781884491443634,"z":-0.10675518214702606},"rotation":{"x":0.15078942477703095,"y":-0.5922463536262512,"z":-0.11402460187673569,"w":-0.7832781672477722},"size":3.7578835487365724,"orthographic":false}