{"cameraMode":{"drawMode":0,"name":"Shaded","section":"Shading Mode"},"sceneLighting":true,"audioPlay":false,"sceneViewState":{"showFog":false,"showMaterialUpdate":true,"showSkybox":false,"showFlares":false,"showImageEffects":false,"showParticleSystems":false},"in2DMode":false,"pivot":{"x":2.5636110305786135,"y":15.189323425292969,"z":5.6097941398620609},"rotation":{"x":0.526480495929718,"y":0.023456113412976266,"z":0.014533818699419499,"w":-0.8497413396835327},"size":9.151753425598145,"orthographic":false}