{"cameraMode":{"drawMode":0,"name":"Shaded","section":"Shading Mode"},"sceneLighting":true,"audioPlay":false,"sceneViewState":{"showFog":false,"showMaterialUpdate":false,"showSkybox":false,"showFlares":false,"showImageEffects":false,"showParticleSystems":false},"in2DMode":false,"pivot":{"x":3.4259397983551027,"y":21.419841766357423,"z":9.769290924072266},"rotation":{"x":0.5238936543464661,"y":0.00308035034686327,"z":0.0018375793006271124,"w":-0.8518384099006653},"size":41.15742111206055,"orthographic":false}