{"cameraMode":{"drawMode":0,"name":"Shaded","section":"Shading Mode"},"sceneLighting":false,"audioPlay":false,"sceneViewState":{"showFog":false,"showMaterialUpdate":false,"showSkybox":false,"showFlares":false,"showImageEffects":false,"showParticleSystems":false},"in2DMode":false,"pivot":{"x":8.032124519348145,"y":2.1573972702026369,"z":-1.2230491638183594},"rotation":{"x":0.26062464714050295,"y":-0.01389253232628107,"z":-0.0038008959963917734,"w":-0.9653688669204712},"size":2.606552839279175,"orthographic":false}