{"cameraMode":{"drawMode":0,"name":"Shaded","section":"Shading Mode"},"sceneLighting":false,"audioPlay":false,"sceneViewState":{"showFog":false,"showMaterialUpdate":false,"showSkybox":false,"showFlares":false,"showImageEffects":false,"showParticleSystems":false},"in2DMode":false,"pivot":{"x":-0.659363329410553,"y":-0.5308830738067627,"z":0.7730077505111694},"rotation":{"x":-0.18357080221176148,"y":0.17935852706432343,"z":-0.03408829867839813,"w":-0.9659131169319153},"size":4.008392333984375,"orthographic":false}