{"cameraMode":{"drawMode":0,"name":"Shaded","section":"Shading Mode"},"sceneLighting":false,"audioPlay":false,"sceneViewState":{"showFog":false,"showMaterialUpdate":false,"showSkybox":false,"showFlares":false,"showImageEffects":false,"showParticleSystems":false},"in2DMode":false,"pivot":{"x":-0.20123684406280518,"y":0.02200404554605484,"z":0.07864761352539063},"rotation":{"x":0.0359988659620285,"y":-0.3654465079307556,"z":-0.014152809977531433,"w":-0.9300378561019898},"size":1.0578839778900147,"orthographic":false}