{"cameraMode":{"drawMode":0,"name":"Shaded","section":"Shading Mode"},"sceneLighting":true,"audioPlay":false,"sceneViewState":{"showFog":false,"showMaterialUpdate":true,"showSkybox":false,"showFlares":false,"showImageEffects":false,"showParticleSystems":false},"in2DMode":false,"pivot":{"x":3.0690481662750246,"y":3.3199234008789064,"z":0.44155675172805788},"rotation":{"x":0.3547627627849579,"y":0.011777468025684357,"z":0.00446931179612875,"w":-0.9348716735839844},"size":6.928473472595215,"orthographic":false}