{"cameraMode":{"drawMode":0,"name":"Shaded","section":"Shading Mode"},"sceneLighting":true,"audioPlay":false,"sceneViewState":{"showFog":false,"showMaterialUpdate":false,"showSkybox":false,"showFlares":false,"showImageEffects":false,"showParticleSystems":false},"in2DMode":false,"pivot":{"x":4.384140968322754,"y":-8.67345142364502,"z":-7.350010395050049},"rotation":{"x":0.5092814564704895,"y":-0.0716114193201065,"z":-0.04258435592055321,"w":-0.8566147089004517},"size":0.858944833278656,"orthographic":false}