{"cameraMode":{"drawMode":0,"name":"Shaded","section":"Shading Mode"},"sceneLighting":false,"audioPlay":false,"sceneViewState":{"showFog":false,"showMaterialUpdate":false,"showSkybox":false,"showFlares":false,"showImageEffects":false,"showParticleSystems":false},"in2DMode":false,"pivot":{"x":-1.340496301651001,"y":0.45197880268096926,"z":0.08494783937931061},"rotation":{"x":0.045183099806308749,"y":0.20589131116867066,"z":0.009517216123640538,"w":-0.9774940609931946},"size":5.226675510406494,"orthographic":false}