{"cameraMode":{"drawMode":0,"name":"Shaded","section":"Shading Mode"},"sceneLighting":false,"audioPlay":false,"sceneViewState":{"showFog":false,"showMaterialUpdate":true,"showSkybox":false,"showFlares":false,"showImageEffects":false,"showParticleSystems":false},"in2DMode":false,"pivot":{"x":457.4996337890625,"y":594.19677734375,"z":0.6381996870040894},"rotation":{"x":-0.09724776446819306,"y":0.16050851345062257,"z":0.015856849029660226,"w":0.9821139574050903},"size":5240.99072265625,"orthographic":false}